ModifiedDate,TerritoryID,Name,CountryRegionCode,Group,SalesYTD,SalesLastYear,CostYTD,CostLastYear,rowguid
,1,Northwest,US,North America,7887186.788,3298694.494,0,0,{43689A10-E30B-497F-B0DE-11DE20267FF7}
,2,Northeast,US,North America,2402176.848,3607148.937,0,0,{00FB7309-96CC-49E2-8363-0A1BA72486F2}
,3,Central,US,North America,3072175.118,3205014.077,0,0,{DF6E7FD8-1A8D-468C-B103-ED8ADDB452C1}
,4,Southwest,US,North America,10510853.87,5366575.71,0,0,{DC3E9EA0-7950-4431-9428-99DBCBC33865}
,5,Southeast,US,North America,2538667.252,3925071.432,0,0,{6DC4165A-5E4C-42D2-809D-4344E0AC75E7}
